{"mps_mem_alloc_bytes":7.48339968e+09,"ppl":29263.512676630417,"tok_s":1120.8130411598781,"_timestamp":1.7662230461142669e+09,"mps_mem_driver_bytes":1.8488819712e+10,"seq_len":512,"_runtime":943.00658625,"ms_opt":685.6318998849019,"ms_fwd":5038.126308680512,"lr":1.5e-05,"ms_step":29235.919637489133,"_wandb":{"runtime":943},"_step":30,"gbs":64,"loss":10.284096717834473,"ms_bwd":17281.307195674162}