{"seq_len":512,"_wandb":{"runtime":1521},"loss":8.919681549072266,"ms_bwd":17413.515903626103,"_runtime":1521.63213075,"gbs":64,"mps_mem_alloc_bytes":7.48339968e+09,"_timestamp":1.766222061415509e+09,"lr":2.5e-05,"ppl":7477.707567574312,"mps_mem_driver_bytes":1.8488819712e+10,"_step":50,"ms_opt":671.687504008878,"tok_s":1115.5217235427158,"ms_step":29374.59603738971,"ms_fwd":5049.881446023937}