{"mps_mem_alloc_bytes":7.458232576e+09,"ms_step":26823.5858873697,"_timestamp":1.7662204568608608e+09,"_wandb":{"runtime":2446},"ppl":1570.5091081203086,"mps_mem_driver_bytes":1.87383808e+10,"tok_s":1221.611463045637,"gbs":64,"loss":7.359155118465424,"_step":80,"ms_opt":253.18122908938676,"seq_len":512,"_runtime":2446.547433625,"ms_bwd":15966.683183482382,"ms_fwd":4605.329642235301,"lr":4e-05}