context,loss,ppl
256,6.550470,699.573129
512,6.350416,572.731010
1024,6.452271,634.141085
