context,loss,ppl
256,6.113911,452.103641
512,6.162546,474.635088
1024,6.620021,749.960789
