context,loss,ppl
1024,6.620021,749.960789
2048,6.832181,927.210445
4096,7.026659,1126.261480
8192,7.190288,1326.485659
