{"ms_opt":378.5524290939793,"train_loss":5.7272919654846195,"ms_fwd":305.53623834159225,"tok_s":6056.56069149629,"gbs":8,"ms_step":1352.5828299717978,"_runtime":2565.129587542,"seq_len":1024,"ppl":243.59401066221997,"ms_bwd":426.2414932483807,"_wandb":{"runtime":2565},"_step":1700,"_timestamp":1.766266351850466e+09,"mps_mem_driver_bytes":3.677069312e+10,"lr":0.0003,"val_loss":5.699543619155884,"loss":5.495502948760986,"mps_mem_alloc_bytes":2.472641792e+09}