{"tok_s":1350.9630363390895,"_wandb":{"runtime":186},"lr":5e-07,"ms_bwd":14064.98258386273,"loss":10.67712116241455,"_runtime":186.901277666,"ms_opt":0,"ms_step":24255.28983294498,"gbs":64,"mps_mem_alloc_bytes":4.486404352e+09,"seq_len":512,"mps_mem_driver_bytes":1.4944256e+10,"ms_fwd":4592.839543125592,"_timestamp":1.766215388492361e+09,"_step":1,"ppl":43352.56553783794}