{"lr":6.25e-07,"mps_mem_alloc_bytes":9.169160704e+09,"_step":10,"ms_fwd":3884.088388708834,"gbs":64,"ms_opt":163.62176389278224,"_wandb":{"runtime":415},"ms_bwd":12626.907967742429,"mps_mem_driver_bytes":1.935671296e+10,"loss":0,"_runtime":415.377122042,"ppl":1,"_timestamp":1.766207212785023e+09,"seq_len":512,"tok_s":1375.0972258678335,"ms_step":21512.82226866008}