{"mps_mem_alloc_bytes":7.318513664e+09,"loss":7.089754104614258,"ms_fwd":3311.1700966919307,"lr":9.997507819778404e-05,"ms_bwd":5504.9457345483825,"ms_step":9343.210226638475,"ppl":1199.6127850923187,"val_loss":6.990447211265564,"_runtime":4945.664784875,"tok_s":438.393218245467,"_wandb":{"runtime":4945},"train_loss":7.035134792327881,"_step":400,"seq_len":4096,"_timestamp":1.766238972285429e+09,"gbs":1,"ms_opt":287.93770286487415,"mps_mem_driver_bytes":9.9860348928e+10}