{"ms_opt":320.01987495459616,"ms_bwd":460.18275001551956,"_wandb":{"runtime":3},"mps_mem_driver_bytes":1.0191290368e+10,"_timestamp":1.76626315831954e+09,"_step":1,"ms_fwd":346.0837510647252,"_runtime":3.536922208,"tok_s":5643.212021604484,"ms_step":1451.6555409645662,"mps_mem_alloc_bytes":2.895599872e+09,"gbs":8,"loss":10.979674339294434,"seq_len":1024,"ppl":58669.444830390246,"lr":0.0003}