{"_timestamp":1.7664699936462889e+09,"_step":980,"_runtime":3685.7320185,"seq_len":512,"ms_step":3741.077958024107,"lr":0.0007259412503122329,"loss":6.183359622955322,"gbs":151552,"tok_s":40510.24910479115,"_wandb":{"runtime":3685}}